original,convert
ok,oke
sangat,sangat
membantu,membantu
jaman,jaman
canggih,canggih
mantap,mantap
jadi,jadi
lebih,lebih
mudah,mudah
bekerja,bekerja
apl,aplikasi
nya,nya
tidak,tidak
sama,sama
sekali,sekali
untuk,untuk
mendaftar,mendaftar
vaksin,vaksin
baru,baru
update,update
an,an
tambah,tambah
bagus,bagus
memberikan,memberikan
info,info
yg,yang
keren,keren
aplikasinya,aplikasinya
memudahkan,memudahkan
warga,warga
dki,dki
ini,ini
perlu,perlu
sebagai,sebagai
berita,berita
terjadi,terjadi
d,di
jakarta,jakarta
bermanfaat,bermanfaat
kenape,kenapa
selalu,selalu
ga,tidak
ada,ada
slot,slot
aneeh,aneh
terbantu,terbantu
dengan,dengan
adanya,adanya
aplikasi,aplikasi
jaki,jaki
jelek,jelek
mau,mau
lapor,lapor
aj,saja
gabisa,tidak bisa
loading,memuat
mulu,terus
ko,kenapa
cek,cek
pbbsih,pbb sih
dari,dari
kemaren,kemarin
banyak,banyak
bugs,kesalahan
terus,terus
server,server
benar,benar
sampahmasa,sampah masa
setiap,setiap
daftar,daftar
kuota,kuota
penuh,penuh
gak,tidak
bs,bisa
dipake,dipakai
semua,semua
tempat,tempat
tampilan,tampilan
dan,dan
menu,menu
dipahami,dipahami
multi,multi
fungsi,fungsi
di,di
penginputan,penginputan
hasil,hasil
maksimal,maksimal
bisa,bisa
instal,pasang
dicoba,dicoba
berx,berkali
tetep,tetap
gaa,tidak
serta,serta
ringkas,ringkas
dalam,dalam
mempergunakam,mempergunakam
respon,respon
lambat,lambat
terkesan,terkesan
ngasal,asal
tl,tindak lanjuti
sulit,sulit
akses,akses
kurang,kurang
kenyamanan,kenyamanan
penggunaanya,penggunaanya
cepat,cepat
payah,payah
dateng,datang
ke,ke
lokasi,lokasi
masih,masih
tuh,saja
digunakan,digunakan
rumit,rumit
penanganan,penanganan
banjir,banjir
sehingga,sehingga
surut,surut
klo,jika
urus,urus
apapun,apapun
kenapa,kenapa
laporan,laporan
request,permintaan
reject,tolak
abis,usai
upgrate,upgrade
kaga,tidak
qr,qr
peduli,peduli
lindungi,lindungi
sering,sering
lag,patah
masuk,masuk
jakclm,jakclm
pelayanan,pelayanan
juga,juga
trima,terima
kasih,kasih
error,kesalahan
kesalahan,kesalahan
berguna,berguna
saya,saya
gembel,malang
wifi,wifi
masi,masih
susah,susah
kadang,kadang
survei,survei
kinerja,kinerja
per,per
tw,tw
sipp,bagus
lah,kenapa
thanks,terimakasih
kontak,kontak
atau,atau
chat,memanggil
admin,admin
kalau,kalau
tanya,tanya
punya,punya
pemerintah,pemerintah
mana,mana
sih,sih
bener,benar
terimakasih,terimakasih
jakiaspirasi,jaki aspirasi
sudah,sudah
didengar,didengar
disuru,disuruh
isi,isi
padahal,padahal
udah,sudah
lulus,lulus
sekolah,sekolah
kini,kini
pertanyaan,pertanyaan
tapi,tapi
login,login
yaudah,ya sudah
coba,coba
berkali,berkali
lemot,lemot
saat,saat
dibuka,dibuka
eror,kesalahan
yang,yang
app,aplikasi
down,down
proses,proses
informasi,informasi
ekonomi,ekonomi
absensi,absensi
tingkatkan,tingkatkan
lagi,lagi
administrasi,administrasi
makasih,terimakasih
terlalu,terlalu
bug,kesalahan
memiliki,memiliki
guna,guna
udh,sudah
malah,malah
tanggap,tanggap
nih,nih
jangan,jangan
kendor,kendor
min,admin
pengoperasian,pengoperasian
gimana,bagaimana
ya,ya
kok,kenapa
tetapi,tetapi
belum,belum
akurat,akurat
tiap,setiap
buka,buka
force,paksa
close,tertutup
praktis,praktis
parah,parah
banget,banget
kacau,kacau
dibanding,dibanding
ibukota,ibukota
bgt,banget
urusan,urusan
solusi,solusi
jelas,jelas
tegasauto,tegas auto
uninstall,copot
lama,lama
si,si
download,unduh
lgi,lagi
butuh,butuh
mempermudah,mempermudah
akes,akses
nggak,tidak
bikin,bikin
msh,masih
hrs,harus
perbaiki,perbaiki
form,form
clm,clm
lewat,lewat
web,web
tolong,tolong
tindak,tindak
lanjuti,lanjuti
minta,minta
setelah,setelah
diupdate,diupdate
runyam,kacau
gaessss,teman
sesuai,sesuai
kebutuhan,kebutuhan
thank,terimakasih
you,kamu
bego,bego
mao,mau
gk,tidak
se,satu
jam,jam
fasilitas,fasilitas
kesehatan,kesehatan
bangat,banget
layanan,layanan
satu,satu
ngapain,ngapain
aja,aja
karena,karena
waktu,waktu
keluar,keluar
updet,update
terusintegrasi,terus integrasi
dg,dengan
transjak,transjak
ma,dan
jaklimgko,jaklimgko
pdhl,padahal
percuma,percuma
deh,deh
mantab,mantap
ribet,rumit
efektif,efektif
efisien,efisien
klik,klik
lanjutin,lanjutin
tes,tes
terima,terima
feedback,feedback
cepatnya,cepatnya
karna,karena
masalah,masalah
jaringan,jaringan
internetnya,internetnya
kenceng,kencang
brp,berapa
ngantri,mengantri
semakin,semakin
baik,baik
n,dan
infonya,infonya
dpt,dapat
segala,segala
tentang,tentang
bapuk,buruk
buat,buat
pemda,pemerintah daerah
awesome,hebat
good,bagus
tunggu,tunggu
selanjut,selanjut
ny,nya
layak,layak
baiksangat,baik sangat
dalamnkoordinasi,dalam koordinasi
lingkungan,lingkungan
kerentapi,keren tapi
ngedownloadnya,ngedownloadnya
biar,biar
komplit,lengkap
hanya,hanya
melalui,melalui
video,video
variatif,variatif
vasin,vaksin
covidterjadi,covid terjadi
up,up
to,to
date,date
pendaftaran,pendaftaran
vaksinasi,vaksinasi
mantep,mantap
validasi,validasi
aksi,aksi
suka,suka
sendiri,sendiri
disuruh,disuruh
ngirim,mengirim
data,data
upaya,upaya
perbaikan,perbaikan
penataan,penataan
kota,kota
lelet,lambat
trs,terus
gjls,tidak jelas
sekalilengkap,sekali lengkap
luas,luas
bobrok,hancur
dftr,daftar
kebuka,terbuka
dlm,dalam
mendukung,mendukung
kemajuan,kemajuan
tambahkan,tambahkan
cctv,cctv
online,online
tq,terimakasih
dipakai,dipakai
berfungsi,berfungsi
lapangan,lapangan
bedaaa,beda
mending,mending
datang,datang
langsung,langsung
bisah,bisa
menjaga,menjaga
kekebalan,kekebalan
tubuh,tubuh
pemprov,pemprov
kami,kami
utk,untuk
perkembangan,perkembangan
pembangunan,pembangunan
slow,lambat
buruk,buruk
dapat,dapat
usefull,berguna
maju,maju
fitur,fitur
mengakses,mengakses
cukup,cukup
menambah,menambah
wawasan,wawasan
jajarta,jakarta
jelass,jelas
najis,menjijikan
najisss,menjijikan
sukses,sukses
apa,apa
wajib,wajib
diisi,diisi
terbang,terbang
adain,adakan
lowongan,lowongan
pekerjaan,pekerjaan
dong,dong
luar,luar
biasa,biasa
survey,survey
ngga,tidak
masa,masa
besok,besok
kan,kan
tolol,tolol
jossss,bagus
pokoknya,pokoknya
lngsung,langsung
tnp,tanpa
buang,buang
lainnya,lainnya
ngasih,memberikan
harapan,harapan
sia,percuma
belanja,belanja
hemat,hemat
anak,anak
harus,harus
email,email
pake,pakai
ampun,ampun
parameter,parameter
keadaan,keadaan
dilapangan,di lapangan
mantaap,mantap
laporin,laporkan
filter,filter
sepele,sepele
aduin,adukan
daftarloginmasalah,daftar login masalah
terussss,terus
lancar,lancar
jaya,jaya
didalam,di dalam
lho,kenapa
puas,puas
senang,senang
masarakat,masyarakat
mencari,mencari
qlue,qlue
dijaman,dizaman
ahok,ahok
transparan,transparan
penilaian,penilaian
tadi,tadi
pas,pas
ngisi,mengisi
overall,overall
pak,pak
anies,anies
ternyata,ternyata
hehe,hehe
mengetahui,mengetahui
wilayah,wilayah
sekitarnya,sekitarnya
masyarakat,masyarakat
memudah,memudahkan
penggunanya,penggunanya
temukan,menemukan
booster,booster
heran,heran
sistem,sistem
mengerti,mengerti
bis,bisa
dapet,dapat
knp,kenapa
no,nomor
rt,rt
diwilayah,di wilayah
tdk,tidak
muncul,muncul
nyakuota,nya kuota
menyampaikan,menyampaikan
aspirasi,aspirasi
akun,akun
mengisi,mengisi
diri,diri
tlg,tolong
jawab,jawab
segera,segera
berhari,berhari
tp,tapi
aktivasi,aktivasi
mendapatkan,mendapatkan
burukk,buruk
cs,cs
pengen,ingin
fotonya,fotonya
tag,tag
lokasinya,lokasinya
screening,screening
sibuk,sibuk
servernya,servernya
apk,aplikasi
bangsa,bangsa
verifikasi,verifikasi
foto,foto
aaja,saja
jancu,jancuk
servery,servernya
meng,meng
input,masukan
datag,datang
sedang,sedang
mencoba,mencoba
masak,masak
cuma,cuma
skornya,skornya
bner,benar
beres,selesai
ni,nih
positif,positif
dimasyrakat,dimasyarakat
ngebantu,membantu
pemberian,pemberian
mengganti,mengganti
profil,profil
adatp,ada tapi
daftarpenuh,daftar penuh
pindah,pindah
tanpa,tanpa
pemberitahuan,pemberitahuan
sebelumnya,sebelumnya
mo,mau
masuknya,masuknya
scan,pindai
menyulitkan,menyulitkan
orang,orang
tua,tua
semalem,kemarin
siangnya,siangnya
fast,fast
yaaa,ya
verifikasinya,verifikasinya
gagal,gagal
gw,saya
erormasalahny,kesalahan
akan,akan
laporkan,laporkan
berarti,berarti
rtrt,rata rata
membatu,membatu
bahagia,bahagia
kenpa,kenapa
pembaruan,pembaruan
jakwifi,jakwifi
selatan,selatan
engga,tidak
jalan,jalan
membuat,membuat
pilih,pilih
faskes,fasilitas kesehatan
terdekat,terdekat
rumah,rumah
kalo,kalau
bukan,bukan
guru,guru
gabakal,tidak akan
digedein,dibesarkan
mikir,pikir
ingin,ingin
tgl,tanggal
tersedia,tersedia
bravo,bagus
teruslah,teruslah
berinovasi,berinovasi
berkembang,berkembang
direspon,direspon
top,bagus
jakiclm,jakclm
mwnjawab,menjawab
oke,oke
lgsg,langsung
memperoleh,memperoleh
list,daftar
hingga,sehingga
didownload,diunduh
tepat,tepat
para,para
terbaru,terbaru
mendapat,mendapat
rakyat,rakyat
install,pasang
cari,cari
termasuk,termasuk
pribumi,pribumi
terkini,terkini
yaa,ya
nyaatertunda,nya tertunda
trus,terus
laporannya,laporannya
lanjut,lanjut
dah,sudah
apaapa,apa apa
status,status
diperbaiki,diperbaiki
awalanya,awalnya
enak,enak
loginkadang,login kadang
nemu,menemukan
dimana,dimana
mengunduh,mengunduh
bermanfaathebat,bermanfaat hebat
nanti,nanti
tambahin,tambahkan
bintang,bintang
jaksurvei,jaksurvei
membasmi,membasmi
jenis,jenis
serangga,serangga
kita,kita
waspada,waspada
paling,paling
goblloookkkkontol,goblok kontol
mmek,memek
enggak,tidak
gunahanya,guna hanya
khusus,khusus
doang,saja
dihari,dihari
setelahnya,setelahnya
lagikenapa,lagi kenapa
butuhnih,butuh
jakpenda,jakpenda
menghadapi,menghadapi
balasan,balasan
responnya,responnya
team,team
kondisi,kondisi
siang,siang
apaan,apa
gunakan,gunakan
busuk,busuk
permasalahan,permasalahan
niat,niat
nyari,mencari
kaya,kaya
ngajuin,mengajukan
pinjol,pinjaman online
mutu,mutu
aneh,aneh
ilmu,ilmu
pengalaman,pengalaman
jg,juga
uninstal,copot
notifikasi,notifikasi
kekinian,kekinian
sgt,sangat
dgn,dengan
jakitrmksh,jaki terimakasih
instalnya,pasangnya
wahh,wah
sekalii,sekali
aku,aku
skali,sekali
bnget,banget
ayo,ayo
bagi,bagi
dua,dua
lihat,lihat
kinerjanya,kinerjanya
pertahnkan,pertahankan
sayaterima,saya terima
parahbaru,parah baru
sy,saya
melapor,melapor
tak,tidak
bsa,bisa
mengirim,mengirim
sebab,karena
tau,tahu
bbrp,beberapa
nort,nomor rt
tlng,tolong
mebantu,membantu
vaksinnya,vaksinnya
siapjangan,siap jangan
nyuruh,menyuruh
sdh,sudah
limited,limited
edition,edition
baguuuuuus,bagus
buruan,segera
simple,sederhana
uptodate,terkini
wow,wow
penyebar,penyebar
hoax,kebohongan
menuduh,menuduh
bukti,bukti
perjelas,perjelas
cara,cara
downloadnya,downloadnya
ceritanya,ceritanya
pertama,pertama
agak,terlalu
jaksurveynya,jaksurveynya
khususnya,khususnya
unduh,unduh
e,e
sppt,sppt
pbb,pbb
kode,kode
kouta,kouta
sampah,sampah
malware,malware
jaksurvey,jaksurvey
minbagaimana,admin bagaimana
dulu,dulu
rejected,ditolak
abal,palsu
analisanya,analisanya
salah,salah
masukin,memasukan
nmr,nomor
hp,hp
goodbener,bagus sekali
singkron,sinkron
liat,lihat
pergunakan,pergunakan
boking,booking
sepak,sepak
bola,bola
sho,sho
pasti,pasti
test,tes
cekin,cek
tulis,tulis
nik,nik
caranya,caranya
dikasih,diberikan
taik,tai
promosi,promosi
tetap,tetap
berhati,berhati
jaga,jaga
kebersihan,kebersihan
pakai,pakai
masker,masker
mengapa,mengapa
beda,beda
domisili,domisili
ratingnya,ratingnya
siapa,siapa
sini,disini
suruh,suruh
tanggal,tanggal
kocak,kocak
koq,kenapa
melulu,selalu
cobatapi,coba tapi
keliatannya,kelihatannya
nyesel,menyesal
auto,auto
unistall,copot
alasan,alasan
maaf,maaf
sungguh,sungguh
kayak,kayak
gubernur,gubernur
alhamdulillah,alhamdulillah
ketiga,ketiga
berkat,berkat
pagi,pagi
malam,malam
apikasijaki,apikasi jaki
membantusaya,membantu saya
berterimakasih,berterimakasih
gajelas,tidak jelas
diklik,diklik
cupu,cupu
dalammencari,dalam mencari
trkini,terkini
ngaco,asal
bangga,bangga
toa,toa
awam,awam
jakclmkotidak,jakclm kenapa tidak
rencana,rencana
kedepan,kedepan
jak,jak
semoga,semoga
dimanfaatkan,dimanfaatkan
bijak,bijak
menghilang,menghilang
icon,icon
sekarang,sekarang
nol,nol
cocok,cocok
isinya,isinya
covid,covid
kreatif,kreatif
lima,lima
penduduk,penduduk
masyarakatsemoga,masyarakat semoga
penuhgmn,penuh bagaimana
cepu,cepu
kesel,kesal
ngelag,ngelag
bangettt,banget
jd,jadi
review,review
mohon,mohon
bantuannya,bantuannya
apliksi,aplikasi
bagusmembantu,bagus membantu
jakartaterima,jakarta terima
wkwkwk,wkwkwk
cakepvaksin,cakep vaksin
mulai,mulai
testnya,tes nya
menyelesaikan,menyelesaikan
programku,programku
terpantau,terpantau
seputar,seputar
manusianya,manusianya
robot,robot
nyaa,nya
ngak,tidak
gimnaa,bagaimana
gmn,bagaimana
sakit,sakit
jakiihelp,jaki tolong
donk,tolong
itu,itu
dukung,dukung
kekurangannya,kekurangannya
cacat,cacat
gara,gara
pecat,pecat
dr,dari
kerjaan,kerjaan
gra,karena
upload,upload
kerumunan,kerumunan
begini,begini
pilihan,pilihan
hilang,hilang
paraaahhhhh,parah
biroksasigk,birokrasi tidak
jls,jelas
euy,euy
ngebug,kesalahan
anj,anjing
emosi,emosi
nau,nau
ikutan,ikutan
numero,nomor
uno,satu
jagat,jagat
raya,raya
kotanya,kotanya
warganya,warganya
muter,memutar
doank,saja
tercepat,tercepat
trimakasih,terimakasih
rempat,tempat
knpa,kenapa
internet,internet
petamburan,penaburan
cakep,bagus
jakarte,jakarta
tesnya,tesnya
jkt,jakarta
presensi,presensi
pns,pns
very,very
menunggu,menunggu
disiplin,disiplin
penggunaan,penggunaan
sosial,sosial
difinsing,difinsing
bingung,bingung
merasa,merasa
bangun,bangun
perbarui,perbaharui
makin,semakin
membingungkan,membingungkan
ktp,ktp
daerah,daerah
kedua,kedua
beberapa,beberapa
opsi,opsi
akhirnya,akhirnya
jadwal,jadwal
petugasnya,petugasnya
malas,malas
kerjafoto,kerja foto
buktinya,buktinya
hidup,hidup
gampang,gampang
pengaduan,pengaduan
alihkan,alihkan
amit,jangan sampai
lemotnya,lemotnya
diperbaikin,diperbaiki
jakimantap,jaki mantap
betul,betul
weii,weii
mobil,mobil
kemana,kemana
kel,kelurahan
pondok,pondok
kopi,kopi
memuaskan,memuaskan
permudah,permudah
absen,absen
wfh,kerja dari rumah
dibutuhkan,dibutuhkan
sertifikasi,sertifikasi
menjadi,menjadi
terbuka,terbuka
lanjutkan,lanjutkan
membawa,membawa
manfaat,manfaat
bilang,katakan
amanwah,amanah
berkopeten,berkompeten
blass,blass
q,ku
ha,ha
bngt,banget
pertahankan,pertahankan
url,url
gda,tidak ada
letak,letak
nyaudah,nya sudah
ketemu,ditemukan
ketmu,ditemukan
bgmna,bagaimana
konfirmasinya,konfirmasinya
terealisasikan,terealisasikan
sinkron,sinkron
liatin,lihat
drtd,dari tadi
gimna,bagaimana
syukron,syukron
kasiran,kasiran
pesat,pesat
sebelah,sebelah
downloady,downloadnya
juara,juara
nasional,nasional
kapan,kapan
boster,booster
cb,coba
lg,lagi
alhmdllh,alhamdullilah
kerennn,keren
anis,anies
alhamdulilah,alhamdullilah
alhamdulillahjaki,alhamdulillah jaki
manfaatnya,manfaatnya
mantaaap,mantap
tercinta,tercinta
terintegrasi,terintegrasi
kalibata,kalibata
tengah,tengah
terakses,terakses
gratis,gratis
daftat,daftar
hadeww,aduh
dikli,dikali
survai,survei
memberi,memberi
penangananya,penangananya
abalabal,palsu
gangu,ganggu
ikut,ikut
menilai,menilai
aparatur,aparatur
mantappp,mantap
buatan,buatan
krn,karena
akunjaki,akun jaki
nunggu,menunggu
surveynya,surveynya
diatas,diatas
jackclm,jakclm
hapus,hapus
joka,jaki
juku,jaki
gan,gan
berkah,berkah
gila,gila
kemudahan,kemudahan
tank,tank
dibilang,katanya
hahahahaaha,haha
jaksurveinya,jaksurveinya
cm,cuma
saja,saja
menurut,menurut
skor,skor
gaje,gak jelas
njir,njir
sagat,sangat
dosis,dosis
pantau,pantau
applikasi,aplikasi
fiturnya,fiturnya
slalu,selalu
kuotanya,kuotanya
ah,ah
habis,habis
lu,lu
sklm,sklm
berhasil,berhasil
kolom,kolom
kelamin,kelamin
dll,dan lainnya
gaada,gak ada
kmna,kemana
menerima,menerima
isimilih,isi memilih
berikutnya,berikutnya
mencuri,mencuri
jumlah,jumlah
suara,suara
pilpres,pemilihan presiden
yeee,ya
aman,aman
memonitor,memonitor
ditindak,ditindak
kesini,kesini
bisakah,bisakah
melaporkan,melaporkan
gelandangan,gelandangan
tai,tai
usah,perlu
pd,pada
mdhn,semoga
jdi,jadi
lbh,lebih
akuratterpercaya,akurat terpercaya
hari,hari
setuju,setuju
dipersulit,dipersulit
giliran,giliran
g,tidak
paksa,paksa
mantaaaaabbz,mantap
dibukalama,dibuka lama
salam,salam
asli,asli
bergunatoek,berguna
melakukan,melakukan
sdm,sdm
aamiin,amin
pelaporan,pelaporan
program,program
pemerintahh,pemerintah
macam,macam
kontolll,kontol
mantapks,mantap
ri,ri
bocor,bocor
sengaja,sengaja
perlukan,perlukan
eh,eh
buset,astaga
makenya,pakainya
anjjjjj,anjing
ttng,tentang
bst,bst
via,via
atm,atm
cair,cair
ug,juga
ssh,susah
survesklm,survesklm
kelurahan,kelurahan
tg,tanggal
l,l
sampai,sampai
alamatnya,alamatnya
bang,bang
gubernurnya,gubernurnya
nyaman,nyaman
disini,disini
muluuu,selalu
sii,sih
pelanggaran,pelanggaran
ppkm,ppkm
kite,kita
anjing,anjing
babi,babi
saran,saran
kritik,kritik
memajukan,memajukan
kga,tidak
pffffff,pff
developernya,pengembangnya
bercanda,bercanda
wokaowwk,wkwkwk
thxyouu,terimakasih
jakii,jaki
nyaaaaa,nya
dmna,dimana
yah,ya
bat,banget
nunggunyaaaaaaaa,menunggunya
i,aku
want,ingin
the,si
be,menjadi
best,terbaik
city,kota
mpe,sampai
selfie,selfie
sm,sama
booking,pembukuan
venue,gedung
olahraga,olahraga
why,kenapa
for,untuk
presiden,presiden
ngeheprosedur,prosedur
abu,abu
pre,pre
nga,nga
job,pekerjaan
user,pengguna
friendly,ramah
easy,mudah
use,guna
keep,tetap
on,pada
work,kerja
and,dan
interface,antarmuka
ngrepotin,merepotkan
quick,cepat
response,respon
hebat,hebat
man,man
tab,tab
this,ini
super,sangat
apps,aplikasi
really,sangat
deserve,layak
get,dapat
million,jutaan
users,pengguna
mengira,mengira
rafidtest,rapidtest
by,oleh
niankeep,niankeep
it,it
alwaysgbu,always gbu
bgttkeren,banget keren
dech,deh
next,berikutnya
will,akan
give,beri
star,bintang
berat,berat
loadingnya,loadingnya
maps,maps
aksesnya,aksesnya
mapnya,mapnya
datanya,datanya
dunia,dunia
pun,pun
seharusnya,seharusnya
otomatis,otomatis
datenya,datenya
mndapatkan,mendapatkan
terkininya,terkininya
berhenti,berhenti
tiba,tiba
zoom,zoom
map,map
peta,peta
sendiritolong,sendiri tolong
forceclose,paksa tutup
informatif,informatif
hatur,terima
nuhun,kasih
pergerakan,pergerakan
jabarku,jabarku
penerima,penerima
bansosdi,bansos di
android,android
amat,amat
mudahan,mudahan
kabupaten,kabupaten
tqs,terimakasih
diakses,diakses
membagongkang,membingungkan
pasword,kata ssandi
valid,valid
lumayan,lumayan
periksa,periksa
lengkap,lengkap
jawa,jawa
barat,barat
rapid,rapid
pegangan,pegangan
pikobar,pikobar
terhenti,terhenti
dibisa,dibisa
aduan,aduan
memakan,memakan
memori,memori
saling,saling
antara,antara
pusat,pusat
haturnuhun,terimakasih
bin,bin
kuya,kuya
aplikasinyadata,aplikasinya data
pisan,sangat
detail,detail
sinyal,sinyal
room,room
memadai,memadai
kabar,kabar
terpercaya,terpercaya
ketidakpastian,ketidakpastian
mantapterus,mantap terus
mencerahkan,mencerahkan
sgla,segala
aktivtas,aktivitas
mesti,harus
provinsi,provinsi
seperti,seperti
katanya,katanya
balnk,kosong
ajajadi,saja jadi
pakaplikasi,pak aplikasi
virus,virus
berlalu,berlalu
aduannya,aduannya
sebagian,sebagian
digunakanbanyak,digunakan banyak
mengecewakan,mengecewakan
secara,secara
aktual,aktual
pikobarnya,pikobarnya
berhentiminta,berhentiminta
dipikobar,di pikobar
ditindaklanjuti,ditindaklanjuti
pisaan,pisan
komunikatif,komunikatif
end,end
kecewa,kecewa
pemakinnya,pemakinnya
transfaran,transparan
ampas,ampas
awal,awal
melihat,melihat
penting,penting
mandiri,mandiri
penampung,penampung
eksekusinya,eksekusinya
ngebuka,ngebuka
appnnya,aplikasinya
sub,sub
responpercuma,respon percuma
apalagi,apalagi
datany,datanya
pemprop,pemprov
jabar,jabar
bermanpaat,bermanfaat
mlah,malah
nyampe,nyampe
dowland,download
paket,paket
full,full
membantuaplikasi,membantu aplikasi
sputar,seputar
tanggapan,tanggapan
penyebaran,penyebaran
diload,dimuat
keluarga,keluarga
qo,qo
dimasa,dimasa
pandemi,pandemi
informasinya,informasinya
bantuan,bantuan
pernah,pernah
kebagian,kebagian
knpah,kenapa
pajanganudh,pajangan sudah
balesan,balasan
tombol,tombol
memang,memang
sedikit,sedikit
lemottapi,lemot tapi
terlihat,terlihat
seumur,seumur
tingkat,tingkat
selama,selama
t,t
terimaksih,terimakasih
komprehensif,komprehensif
contentnya,kontennya
sarana,sarana
publik,publik
smoga,semoga
cuman,cuma
memgikuti,memgikuti
gunanya,gunanya
forum,forum
bertanya,bertanya
solusinya,solusinya
gada,gak ada
prcuma,percuma
iphone,iphone
psbb,psbb
dimulai,dimulai
lusatpi,lusa tapi
pesebaran,pesebaran
sendirinya,sendirinya
gag,gak
sma,sama
percma,percuma
bidang,bidang
terutama,terutama
tindakan,tindakan
bangeet,banget
memutus,memutus
rantai,rantai
munculnya,munculnya
salut,salut
gb,gigabyte
ramnya,ramnya
y,ya
c,c
terupdate,terupdate
dapetin,mendapatkan
ttg,tentang
perbakii,perbaki
log,log
in,masuk
susahnya,susahnya
masif,besar
berjalan,berjalan
link,link
berikan,berikan
mengikuti,mengikuti
begitu,begitu
real,asli
time,waktu
mengedukasi,mengedukasi
ditanggapi,ditanggapi
jauh,jauh
iklan,iklan
menghambat,menghambat
kerja,kerja
sweb,swab
penyempurnaan,penyempurnaan
tungguso,tunggu
far,jauh
hasilnya,hasilnya
akuratdan,akurat dan
obatnya,obatnya
jga,juga
cpat,cepat
sembuh,sembuh
bertambah,bertambah
pke,pakai
hujungnya,ujungnya
browser,browser
waduk,waduk
nyieun,nyieun
nu,nu
kie,kie
ge,ge
makasi,terimakasih
kang,kang
emil,emil
ngerti,mengerti
dehbansos,deh bansos
sasaran,sasaran
menunjang,menunjang
masukan,masukan
pada,pada
org,orang
kartunya,kartunya
turun,turun
memantau,memantau
keluarnyadan,keluarnya dan
lenyap,lenyap
simpang,simpang
siur,siur
sebaran,sebaran
sekitar,sekitar
spam,spam
keburu,keburu
mati,mati
ngadu,mengadu
kataaplikasi,kata aplikasi
playstore,playstore
baiktp,baik tapi
diskusi,diskusi
pesan,pesan
aktif,aktif
grafik,grafik
amanah,amanah
akibat,akibat
tanggung,tanggung
pa,apa
timnya,timnya
bermamfaat,bermanfaat
dana,dana
bansos,bansos
ditolak,ditolak
lumayantapi,lumayan tapi
gini,begini
hadeh,aduh
telat,terlambat
tpii,tapi
hhe,hehe
transparasi,transparasi
bos,bos
kelar,kelar
murka,murka
bumi,bumi
stop,stop
inihtrnuhun,ini terimakasih
indonesiaku,indonesiaku
pulih,pulih
biasanya,biasanya
nama,nama
infomasi,informasi
beritanya,beritanya
goodlah,bagus
bagaimana,bagaimana
situasi,situasi
terkena,terkena
dampak,dampak
mengidentifikasi,mengidentifikasi
penyakit,penyakit
ananda,ananda
penanganannya,penanganannya
membantuterima,membantu terima
lngkap,lengkap
menarik,menarik
cepet,cepat
aminn,amin
wabah,wabah
boongan,bohongan
pencitraan,pencitraan
wah,wah
gitu,begitu
meredam,meredam
hoaks,kebohongan
capek,capek
alhamdulillahhatur,alhamdulillah terima
gubbermanfaat,bagus bermanfaat
instan,instan
zona,zona
dikunjungi,dikunjungi
keluhan,keluhan
semuanya,semuanya
mantapdech,mantap
mengenai,mengenai
pengajuan,pengajuan
ditanggapiterus,ditanggapi terus
skrg,sekarang
titik,titik
terkirim,terkirim
semata,semata
sayangnya,sayangnya
seluruh,seluruh
indonesia,indonesia
baansos,bansos
membantutrimakasih,membantu terimakasih
atas,atas
dngan,dengan
mmbantu,membantu
yaah,yah
jujur,jujur
kasihsy,berikan saya
masyarakatthanks,masyarakat terimakasih
nihh,nih
paham,paham
rangka,rangka
mengatasi,mengatasi
corona,corona
jawabarat,jawa barat
dilanda,dilanda
pendemi,pendemi
copid,covid
downlod,download
yko,ya
agar,agar
termakan,termakan
tpi,tapi
semangat,semangat
menang,menang
membantupengaduan,membantu pengaduan
me,me
mbantu,membantu
yanng,yang
lain,lain
minus,minus
pencariannya,pencariannya
gambaran,gambaran
menyeluruh,menyeluruh
bpk,bapak
k,ke
kali,kali
diabsen,diabsen
blank,blank
tanggapnya,tanggapnya
multivitamin,multivitamin
bgett,banget
mntap,mantap
apdate,update
mantapsangat,mantap sangat
membantumedapat,membantu mendapat
anehh,aneh
bantu,bantu
confirm,konfirmasi
ea,ya
gub,gubernur
mengajukan,mengajukan
konfirmasi,konfirmasi
bermafaat,bermanfaat
semuatks,semua terimakasih
xie,si
mah,mah
sbagai,sebagai
perkebangan,perkembangan
downlood,download
dululah,dahulu
haha,haha
gunaaduan,guna aduan
blm,belum
mhn,mohon
diaktifkan,diaktifkan
berkarya,berkarya
demi,demi
sehatsemangat,sehat semangat
menguntungkan,menguntungkan
pejabat,pejabat
smga,semoga
nyoba,mencoba
reueus,kagum
urang,kami
ti,dari
cianjur,cianjur
tiga,tiga
duluuusoalnya,dulu soalnya
sya,saya
sembakohehehehe,sembako
midah,midah
kebingungan,kebingungan
sllu,selalu
mang,memang
pasang,pasang
tahu,tahu
tambihan,tambahan
updatepositip,update positif
meninggal,meninggal
woiga,woiga
hati,hati
terimaksihskrg,terimakasih sekarang
mantau,mantau
lwatapliksi,lewat aplikasi
bagussss,bagus
apkh,apakah
rata,rata
ter,ter
bulan,bulan
jendela,jendela
disempurnakan,disempurnakan
pungli,pungli
dibawah,dibawah
af,apa
umkm,umkm
fakta,fakta
ucapan,ucapan
mf,maaf
ksh,kasih
bntang,bintang
ngecek,mengecek
untk,untuk
bermanfaathatur,bermanfaat terima
baca,baca
ridwan,ridwan
terimaksi,terimakasih
kmi,kami
bergunaaduan,berguna aduan
realisasi,realisasi
aplikasie,aplikasinya
doakan,doakan
tngkat,tingkat
kn,kan
beserta,beserta
jajarannya,jajarannya
bermanfaay,bermanfaat
sayah,saya
sekeluarga,sekeluarga
bantuaan,bantuan
yu,ayo
sharee,bagikan
sebanyaj,sebanyak
banyaknya,banyaknya
tertinggal,tertinggal
visi,visi
tggal,tanggal
secepatnya,secepatnya
parahgk,parah
mendekteksi,mendekteksi
membntu,membantu
poko,pokok
akang,kakak
baguss,bagus
niiihh,nih
bersama,bersama
bp,bapak
jabarr,jabar
prcma,percuma
ngdu,mengadu
smpe,sampai
skrang,sekarang
benarkah,benarkah
merata,merata
kereeeeeen,keren
bangeeeet,banget
anggaran,anggaran
sajah,saja
memanfaatakn,memanfaatkan
hmm,hmm
kirim,kirim
wa,whatsapp
dijawab,dijawab
matur,terima
gininggak,begini tidak
unduhlgian,unduh lagian
gue,aku
php,php
pengetahuan,pengetahuan
diambil,diambil
kemarin,kemarin
aplikasiya,aplikasinya
ngontrak,mengontrak
bagian,bagian
ngelapor,melaporkan
nyaut,balasan
nge,me
heng,rusak
macet,macet
sapawarga,sapawarga
bln,bulan
mabruuuk,hancur
merah,merah
kuning,kuning
hijau,hijau
aplikasinyah,aplikasinya
yasangat,ya sangat
ssngat,sangat
go,go
idola,idola
sip,bagus
huh,huh
jambi,jambi
sihh,sih
mugi,semoga
sing,tidak
janten,jadi
manfaatterus,manfaat terus
komunikasi,komunikasi
rakyak,rakyat
pemimpinnya,pemimpinnya
sigapterimakasih,sigap terimakasih
sadar,sadar
kesrhatan,kesehatan
rugi,rugi
ngeprank,lawak
guber,gubernur
kk,kk
blt,blt
tanggapi,tanggapi
haben,haben
we,we
ngelihat,melihat
nmany,namanya
pour,pour
point,poin
ouw,oh
trdepan,terdepan
soal,soal
suatu,suatu
bapak,bapak
petugas,petugas
manatab,manta
thanksea,terimakasih
moga,semoga
permohonan,permohonan
mantappppppp,mantap
periode,periode
emg,memang
lelah,lelah
trims,terimakasih
terdepan,terdepan
taibacot,tai bacot
weh,hai
bau,bau
sungut,mulut
mantaf,mantap
jiwa,jiwa
kamil,kamil
banson,bansos
keliatan,kelihatan
ditutup,ditutup
tutupi,tutupi
kesiakawan,persahabatan
desa,desa
htur,terima
sukabumi,sukabumi
minim,kecil
ning,disini
untung,untung
na,na
menanglawankorona,menang lawan corona
alohuma,halo
amin,amin
kecurangan,kecurangan
pihak,pihak
mewakili,mewakili
ditanyakan,ditanyakan
umum,umum
mksh,terimakasih
hadapi,hadapi
cpt,cepat
mkasih,terimakasih
media,media
s,s
works,berfungsi
chaayoo,ayo
lamaaaaa,lama
pisaaaan,pisan
aplikasina,aplikasinya
sae,sae
pisanbermanfaat,pisan bermanfaat
aslmu,assalamu
alkm,alaikum
kanggo,menggunakan
abdi,abdi
sangant,sangat
ngabantos,membantu
mugia,semoga
sadayana,semua
lieur,pusing
duh,aduh
seeur,keluar
sosmed,sosial media
enggal,cepat
sagala,semua
bencana,bencana
ieu,ini
aamin,amin
tiasa,biasa
ngabantu,membantu
emilmugia,semoga emil
angkat,angkat
ka,ke
jazaakumullooh,jazaakumullooh
khoyr,khoyr
sampurasunckp,maaf
bantos,bantu
love,love
kabantu,terbantu
ku,aku
kabantos,terbantu
eweh,wah
anu,anu
ker,keluar
sugan,pasti
ngitung,menghitung
duit,uang
kahiji,pertama
didata,didata
ditambun,terkubur
utara,utara
kprw,kprw
kalong,kelelawar
kabbekasi,kabupaten bekasi
shilaturrahim,silaturahmi
shering,sharing
versi,versi
uy,uy
mantapperkembangan,mantap perkembangan
rwlebih,rw lebih
mantapsudah,mantap sudah
diperbaharuikalau,diperbaharui kalau
delay,delay
didepan,di depan
responsif,responsif
ubah,ubah
silaturahmi,silaturahmi
antar,antar
pentingah,penting
tengokin,lihat
kembangkan,kembangkan
simpel,sederhana
bagusefektif,bagus efektif
keyboard,keyboard
terganggu,terganggu
berbagi,berbagi
kegiatan,kegiatan
lalu,lalu
sempurna,sempurna
bertukar,bertukar
berdiskusi,berdiskusi
rw,rw
didapatkan,didapatkan
signal,sinyal
soalnya,soalnya
aaya,saya
support,dukung
diperbesar,diperbesar
unfaedah,tidak bermanfaat
uninstalllll,copot
atasan,atasan
bawahan,bawahan
organisasian,organisasian
merespon,merespon
luarbiasa,luar biasa
penyambung,penghubung
mengemukakan,mengemukakan
kreasi,kreasi
kreatifitasa,kreatifitas
wadah,wadah
bermanfaattolong,bermanfaat tolong
tingkatkn,tingkatkan
fiturfitur,fitur
berkomunikasi,berkomunikasi
verval,verval
supaya,supaya
ketinggalan,ketinggalan
mendownloadnyatapi,mengunduhnya tapi
verivikasi,verifikasi
belajar,belajar
upgrade,peningkatan
membantusampainya,membantu sampai
inovatif,inovatif
ditingkatkan,ditingkatkan
jabarnya,jabarnya
mrmpermudah,mempermudah
meningkatkan,meningkatkan
hal,hal
semuadn,semua dan
penyajian,penyajian
bagusssbisa,bagus bisa
sejawabarat,seluruh jawa barat
sejabar,seluruh jabar
mempersulit,mempersulit
daftarkan,daftarkan
sayang,sayang
gmna,bagaimana
menuju,menuju
digital,digital
sejauh,sejauh
puastingkat,puas tingkat
sapa,sapa
tukar,tukar
pentingnya,pentingnya
layarnya,layarnya
hitam,hitam
alangkah,alangkah
kepemerintahan,kepemerintahan
kebenaran,kebenaran
kereeen,keren
bawah,bawah
koordinasi,koordinasi
sejawa,sejawa
loginpadahal,login padahal
daftargmn,daftar bagaimana
maksudnya,maksudnya
sharing,sharing
kepentingan,kepentingan
menyapa,menyapa
belom,belum
pintar,pintar
bermutu,bermutu
bermanfaatbarakallah,bermanfaat
lengkapi,lengkapi
bgi,bagi
smua,semua
msrakat,masyarakat
ulang,ulang
peserta,peserta
markotop,top
alias,alias
baguuussokeey,bagus
ferivikasi,verifikasi
izin,izin
model,model
kedepannya,kedepannya
pemerintahan,pemerintahan
non,non
bersosialisai,bersosialisai
dftar,daftar
petunjuk,petunjuk
lom,belum
mendownload,mengunduh
tsb,tersebut
hususnya,khususnya
seminggu,seminggu
ketua,ketua
usulan,usulan
sempai,sampai
okeeee,bagus
baikdan,baik dan
bagussmangat,bagus semangat
maupun,maupun
trebantu,terbantu
perangkat,perangkat
melaksanakan,melaksanakan
tugas,tugas
seksama,seksama
bersyukur,bersyukur
lupa,lupa
seputaran,seputaran
silaturahim,silaturahmi
tuk,untuk
nambah,menambah
memerlukan,memerlukan
berbagai,berbagai
kab,kabupaten
perhatiannya,perhatiannya
terkait,terkait
akuratinformasinya,akurat informasinya
sekalisangat,sekali sangat
keperluan,keperluan
nyah,nya
tidk,tidak
dpat,dapat
bukaeror,buka kesalahan
membantubuat,membantu untuk
kepengurusanrw,kepengurusan rw
usulannya,usulannya
kemaslahatan,kemaslahatan
pengurus,pengurus
permintaan,permintaan
gmana,bagaimana
menampung,menampung
konsultasi,konsultasi
kwgiatan,kegiatan
adminnya,adminnya
prop,provinsi
vendorsuplier,vendor suplier
kabur,kabur
kepada,kepada
menyediakan,menyediakan
aflikasi,aplikasi
sistim,sistem
rwan,rawan
rtrw,rt rw
mantabbisa,mantap bisa
prov,provinsi
bapa,bapak
onfo,informasi
mengekspose,mengekspos
inspirasi,inspirasi
sandinya,sandinya
ngambil,mengambil
galeri,galeri
mengenal,mengenal
masyrakat,masyarakat
berkomukasi,berkomunikasi
terimakash,terimakasih
aps,aplikasi
bagagaimana,bagaimana
selamat,selamat
hangat,hangat
menggunakan,menggunakan
optimal,optimal
beri,beri
diharapkan,diharapkan
bamprop,banprov
salurkan,salurkan
kesulitan,kesulitan
mngupload,mengunggah
mngverval,verval
depan,depan
pendataan,pendataan
pengerasan,pengerasan
linnngkungan,lingkungan
disaya,di saya
sosok,sosok
memberii,memberi
wawasannsambill,wawasan sambil
belajarr,belajar
mantaaapss,mantap
sosialisasi,sosialisasi
halhal,perihal
maknyos,maknyos
trimaksi,terimakasih
membantun,membantu
buar,biar
sangt,sangat
aplkasi,aplikasi
pemm,pem
pisanloading,pisan loading
wae,wae
ganti,ganti
saparw,sapa rw
bro,bro
depok,depok
nyampein,menyampaikan
ataw,atau
sok,sok
tara,tara
memper,memper
tuntutan,tuntutan
kondusif,kondusif
mendekatkan,mendekatkan
bnyk,banyak
gpp,tidak masalah
moda,moda
ekomunikasi,komunikasi
gerbang,gerbang
terakhir,terakhir
haduh,aduh
sapawsrga,sapawarga
bermangpaat,bermanfaat
gabung,gabung
sa,sa
propinsi,provinsi
sekalidari,sekali dari
santuy,santai
mantapppp,mantap
sapawrga,sapawarga
terverifikasi,terverifikasi
usul,usul
ranah,ranah
banyakin,perbanyak
semangkin,semakin
pede,percaya diri
aza,saja
dishare,dibagikan
pebaikan,perbaikan
nopenting,nomor penting
perlengkap,perlengkap
lumbayan,lumayan
positip,positif
partisifatif,partisipatif
bgus,bagus
memposting,memposting
rahayu,senang
sehat,sehat
tks,terimakasih
aplikasih,aplikasi
sangan,sangat
berjiwa,berjiwa
disediakan,disediakan
pemrov,pemprov
lansung,langsung
berwenang,berwenang
membangun,membangun
regis,registrasi
syang,sayang
cma,cuma
os,os
manteeeup,mantap
bngeeeut,banget
sngat,sangat
weuh,wah
nomorna,nomornya
molor,terlambat
kabeh,semua
mazuk,masuk
han,dan
masyarakatkami,masyarakat kami
pengahatuan,apresiasi
terasa,terasa
dekat,dekat
teknologi,teknologi
bahaya,bahaya
pajak,pajak
kendaraan,kendaraan
merupakan,merupakan
interaktif,interaktif
mantul,mantap
eco,eco
park,park
rb,rb
itungan,itungan
jari,jari
taiii,tai
privikasi,verifikasi
msih,masih
tutup,tutup
aktivasinya,aktivasinya
ektp,ektp
bekasi,bekasi
standby,standby
mendadak,mendadak
berulang,berulang
espt,seperti
tahunan,tahunan
jawabanya,jawabannya
dukcapil,dukcapil
dikirim,dikirim
sistemnya,sistemnya
kualitasnya,kualitasnya
id,id
kek,seperti
tapinya,tapinya
pl,peduli lindungi
j,j
telah,telah
menyajikan,menyajikan
nomor,nomor
telpon,telepon
tulisan,tulisan
batas,batas
anda,anda
dihapus,dihapus
formnya,formnya
masuka,masuk
password,password
tersambung,tersambung
bukanya,bukanya
kepake,terpakai
lindungitulisannya,lindungi tulisannya
bingits,banget
memotivasi,memotivasi
sampe,sampai
akhir,akhir
disconnect,terputus
design,desain
sederhana,sederhana
berubah,berubah
jugasertifikat,juga sertifikat
harap,harap
bugnya,kesalahan
bagusmakin,bagus makin
responsifga,responsif
iniyg,ini yang
gaptek,gagap teknologi
berestrimakasih,beres terimakasih
disaat,disaat
sambungan,sambungan
bukannnya,bukannya
useless,tidak berguna
kosong,kosong
akurasi,akurasi
kecepatan,kecepatan
rampingkan,rampingkan
ukurannya,ukurannya
isian,isian
dropdown,dropdown
cetak,cetak
ealahh,ampun
menemukan,menemukan
kecil,kecil
tim,tim
ambulance,ambulans
sesamanya,sesamanya
tingkatin,tingkatkan
diberbagai,di berbagai
maximum,maksimum
kembali,kembali
kumplit,lengkap
serasa,terasa
menjelajah,menjelajah
dimarketplace,di marketplace
klw,kalau
yatolong,ya tolong
jauhjauh,jauh
bilangnya,katanya
smart,pintar
kualitas,kualitas
ferifikasi,verifikasi
terdaftar,terdaftar
out,keluar
repot,repot
masukkan,masukan
yth,yth
hormat,hormat
aplikaainya,aplikaainya
tnk,terimakasih
beta,beta
dipaksa,dipaksa
hadeuh,aduh
nilainya,nilainya
sebaik,sebaik
mungkin,mungkin
disampaikan,disampaikan
balai,balai
diaskses,diakses
yaterima,ya terima
relevan,relevan
dikembangkan,dikembangkan
koneksi,koneksi
browsing,menjelajah
beneran,kebenaran
modus,modus
doangparameter,saja parameter
penilaiannya,penilaiannya
yaitu,yaitu
nginx,nginx
not,tidak
found,ditemukan
ngk,tidak
iya,iya
bukannya,bukankah
sabar,sabar
emang,memang
akuntabilitas,akuntabilitas
mlm,malam
skrng,sekarang
puluhan,puluhan
menanyakan,menanyakan
riil,riil
lolos,lolos
konyol,konyol
waktunya,waktunya
ayolah,ayolah
bisnis,bisnis
naik,naik
aplikasiny,aplikasinya
responjaksurvei,respon jaksurvei
jakispu,jakispu
neh,nih
sumpah,sumpah
rate,rate
tulull,tolol
nyusahin,menyusahkan
keterangan,keterangan
kebaikan,kebaikan
reting,rating
ja,saja
spt,seperti
anonim,anonim
katany,katanya
blg,bilang
teruuuss,terus
aplikasiii,aplikasi
sisa,sisa
kuotaa,kuota
tersediaaa,tersedia
segalanya,segalanya
silahkan,silakan
menyampailan,menyampaikan
anehga,aneh tidak
sertifikatnyaga,sertifikatnya tidak
cetaktp,cetak tapi
keterngn,keterangan
udhvaksinbingungbgt,sudah vaksin bingung banget
ambil,ambil
antrian,antrean
puskesmas,puskesmas
appnya,aplikasinya
mgkn,mungkin
smp,sampai
nyaris,nyaris
kiamat,kiamat
br,baru
bangke,bangkai
palah,parah
kekurangan,kekurangan
pengisian,pengisian
kec,kecamatan
diakhir,diakhir
diminta,diminta
dahuliin,dahulukan
sangatsangatsangaaatttbermanfaattingkatkan,sangat bermanfaat tingkatkan
lagimaju,lagi maju
samsat,samsat
jateng,jawa tengah
interaksi,interaksi
evaluasi,evaluasi
sertifikat,sertifikat
nyalain,menyalakan
meragukan,meragukan
izinin,mengizinkan
wkwkwkw,wkwkwk
logic,logika
penggunaannya,penggunaannya
reportnya,laporannya
bnyak,banyak
katakata,kata
halaman,halaman
reset,reset
cacad,rusak
submit,kirim
respond,respon
jaklingko,jaklingko
rute,rute
angkutan,angkutan
perantau,perantau
meinspirasi,menginspirasi
transportsi,transportasi
terintekrasi,terintegrasi
baikpenanganan,baik penanganan
vaksinansi,vaksinansi
tulisannyaaplikasi,tulisannya aplikasi
dinyatakan,dinyatakan
goblok,goblok
trmaksih,terimakasih
trma,terima
sebenarnya,sebenarnya
bertele,bertele
rusakudah,rusak sudah
payahhhh,payah
inilama,ini lama
mohonpencerahannya,mohon pencerahannya
masukdaftar,masuk daftar
ama,bersama
disalahin,disalahkan
identitas,identitas
dowload,download
gbsa,tidak bisa
terdeteksi,terdeteksi
kawasan,kawasan
tinggal,tinggal
dibantulah,dibantulah
ditemukan,ditemukan
curiga,curiga
profesional,profesional
dashboard,dashboard
template,template
load,load
sedangkan,sedangkan
nggk,tidak
diperbarui,diperbarui
zong,zong
kartu,kartu
kendali,kendali
kkmohon,kak mohon
ujung,ujung
berkerumun,berkerumun
mw,ingin
ajja,saja
ujungnya,ujungnya
dirumah,di rumah
ditambah,ditambah
bila,bila
setengah,setengah
kira,kira
bad,buruk
gateway,gateway
modern,modern
pedoman,pedoman
aktifkan,aktifkan
gps,gps
keterangannya,keterangannya
atuhtolong,aduh tolong
dibantu,dibantu
ampe,sampai
pegel,pegal
okt,oktober
jakitp,jaki tapi
gambar,gambar
fhoto,foto
komentarbiar,komentar agar
sebenar,sebenarnya
fix,pasti
seting,pengaturan
waras,waras
dilaporkan,dilaporkan
x,kali
asbun,sabun
tkp,tempat
baikdari,baik dari
surat,surat
prosesnya,prosesnya
repotnya,repotnya
spy,supaya
ad,ada
file,file
kertas,kertas
kli,kali
memperbaiki,memperbaiki
sebeluma,sebelumnya
sapat,terdapat
kendala,kendala
lainya,lainnya
asuu,asu
sehari,sehari
amatiran,amatiran
ataupun,ataupun
diaplikasi,di aplikasi
vaksinquota,vaksin kuota
news,berita
tertib,tertib
boleh,boleh
menjadika,menjadikan
situsnya,situsnya
dijangkau,dijangkau
rekomendasi,rekomendasi
penangannya,penanganannya
smartcity,smartcity
kordinasi,koordinasi
pemantauan,pemantauan
keramaian,keramaian
jarang,jarang
memakainya,memakainya
surveiselalu,survei selalu
tersediamasalahnya,tersedia masalahnya
mna,mana
tulisannya,tulisannya
alamat,alamat
macem,macam
perbaikin,diperbaiki
gua,gua
tem,tem
tmpt,tempat
yng,yang
cuaca,cuaca
kerenn,keren
slesai,selesai
sediain,sediakan
webnya,webnya
alesan,alasan
game,game
dihp,di hp
quota,kuota
bagussangat,bagus sangat
penyelesaian,penyelesaian
vksn,vaksin
tertutup,tertutup
terwadahi,terwadahi
meski,meski
teratasitetap,teratasi tetap
berusaha,berusaha
terbaik,terbaik
otu,otu
bagustsk,bagus tidak
persulitsemua,persulit semua
persulit,persulit
teratasi,teratasi
chaptcha,chaptcha
is,is
kerennnn,keren
diluar,di luar
namun,namun
ud,sudah
jaksurv,jaksurvei
bodo,bodoh
bae,bae
oper,oper
sana,sana
androidmohon,android mohon
pencerahannya,pencerahannya
dibikin,dibuat
jika,jika
indentitas,identitas
pelapor,pelapor
rahasinya,rahasinya
terjamin,terjamin
dri,dari
situs,situs
apkikasi,aplikasi
walaupun,walaupun
gejala,gejala
pergi,pergi
dasarnya,dasarnya
faskesnya,fasilitas kesehatannya
jakclmnya,jakclmnya
downloadmau,download mau
lihatmenu,lihat menu
dimanamembingungkan,dimana membingungkan
jakimasa,jaki masa
selanjutnya,selanjutnya
jakclmajg,jakclm anjing
ap,apa
syarat,syarat
u,untuk
ptm,ptm
skolah,sekolah
mengambil,mengambil
pembelajaran,pembelajaran
khusunya,khususnya
gbs,tidak bisa
milih,memilih
jgn,jangan
dirilis,dirilis
becus,becus
kerensemoga,keren semoga
diatasiaaamiin,diatasi amin
keseltolong,kesal tolong
kak,kak
perantauan,perantauan
stay,stay
bangsat,bangsat
keuntungan,keuntungan
sendri,sendri
ajah,saja
penipuan,penipuan
kecamatan,kecamatan
menteng,menteng
keseluruhansudah,keseluruhan sudah
dikelurahan,di kelurahan
cegercipayang,cegercipayang
jaktim,jakarta timur
tangani,tangani
pandemik,pandemi
berakhir,berakhir
clmnya,clmnya
nanya,bertanya
halo,halo
java,java
siap,siap
jawabnya,jawabnya
gimanalupa,gimana lupa
screnshoot,screnshot
barcodenya,barcodenya
membaik,membaik
duhur,duhur
perhatian,perhatian
ngawur,ngawur
tujuan,tujuan
kalian,kalian
mengejar,mengejar
target,target
pcr,pcr
sebuah,sebuah
perlindungan,perlindungan
privasi,privasi
harusnya,seharusnya
diperhatikan,diperhatikan
dijaga,dijaga
jakartakeren,jakarta keren
bangettttt,banget
jelasssss,jelas
kata,kata
anehhhh,aneh
kepinteran,kepintaran
ladang,ladang
lsm,lsm
wartawan,wartawan
bodrex,bodrex
menekan,menekan
bisapadahal,bisa padahal
mbps,mbps
lebihhhhhhh,lebih
mei,mei
apakah,apakah
dikordinasikan,dikoordinasikan
ngeblank,ngeblank
kabel,kabel
listrik,listrik
putus,putus
jakcalem,jakclm
gateaway,gateway
terdata,terdata
menjawab,menjawab
berbenah,berbenah
beranda,beranda
dimohon,dimohon
komentar,komentar
alhamdullilah,alhamdullilah
mantapaplikasi,mantap aplikasi
antisipasinya,antisipasinya
formalitas,formalitas
berkesinambungan,berkesinambungan
deleted,dihapus
cetar,bagus
presceening,presceening
fotokopi,fotokopi
selesai,selesai
bermaslah,bermasalah
ney,ney
ega,ega
boikot,boikot
keamananuntuk,keamanan untuk
pulo,pulo
gadung,gadung
lepas,lepas
tangan,tangan
julikenapa,juli kenapa
divaksin,divaksin
kekimasa,keki masa
username,username
dipersulitgimana,dipersulit bagaimana
males,malas
bwt,buat
dicek,dicek
berkala,berkala
pfizer,pfizer
anehorang,aneh orang
salahaplikasi,salah aplikasi
bermutuhasilnya,bermutu hasilnya
hin,hin
ajamental,saja mental
mental,mental
tahap,tahap
ngantrinya,mengantrinya
prosedur,prosedur
korupsi,korupsi
mu,mu
nak,nak
berisiko,berisiko
lamanya,lamanya
ampunnn,ampun
berjam,berjam
nongol,muncul
ngabisik,berbisik
paketan,paketan
mengunduhnyajadi,mengunduhnya jadi
peran,peran
bermasyarakat,bermasyarakat
bahwa,bahwa
yasudahlah,yasudahlah
manfaatkan,manfaatkan
ketika,ketika
ngetik,mengetik
mencla,mencla
mencle,mencle
kmana,kemana
kaliann,kaliann
jangann,jangan
iniiaku,ini aku
dipencetngabisin,dipencet menghabiskan
ajaa,saja
tiket,tiket
kectanjung,kecamatan tanjung
priok,priok
penyaluran,penyaluran
sembako,sembako
bangka,bangka
woi,woi
veksin,vaksin
komen,komentar
wkwkkw,wkwkwk
hidupkan,hidupkan
negara,negara
minggu,minggu
check,cek
inout,in out
presreening,presreening
kamperet,kampret
memory,memori
sue,sue
respons,respon
over,akhir
all,seluruh
sanggat,sangat
terlebih,terlebih
downlad,download
persaratan,persyaratan
beli,beli
uuuu,u
sangaatttttt,sangat
burukkkkkk,buruk
persetujuannya,persetujuannya
terhitung,terhitung
uang,uang
sikmsilahkan,silahkan
jabarkan,jabarkan
sartepikat,sertifikat
gegara,karena
penyimpanan,penyimpanan
ogah,tidak mau
donglot,download
ajee,saja
meskipun,meskipun
sir,sir
dafatr,daftar
pengadu,pengadu
domba,domba
sepihak,sepihak
uber,mengejar
surveylog,survey log
susyahbenerin,susah dibenarkan
terlibat,terlibat
bet,banget
live,live
lol,wkwkwk
oleh,oleh
setatus,status
pdahal,padahal
aplisaki,aplikasi
jakinya,jakinya
ijin,izin
penyintas,penyintas
pny,punya
bepergian,bepergian
cuy,kawan
rumus,rumus
dipertanyakan,dipertanyakan
kwkwkwk,wkwkwk
buruksdh,buruk sudah
kasi,beri
ngacoo,acak
hadehhh,aduh
barcode,barcode
berkolaborasi,berkolaborasi
kabupatenyang,kabupaten yang
lekas,lekas
pulang,pulang
melanggar,melanggar
peraturan,peraturan
bolakbalik,bolakbalik
katroga,bodoh tidak
dh,sudah
cape,lelah
vakbiar,vaksin biar
vk,vaksin
curhat,curhat
sebsgai,sebagai
kader,kader
mendptkan,mendapatkan
hmpr,hampir
mengingatkan,mengingatkan
pembohong,pembohong
pembunuhan,pembunuhan
karakter,karakter
dikelola,dikelola
somoga,semoga
fisik,fisik
jskarta,jakarta
infoapakah,info apakah
mengalami,mengalami
kerusakan,kerusakan
bogor,bogor
memilih,memilih
berapa,berapa
disurvei,disurvei
kewarganegaraan,kewarganegaraan
klamin,kelamin
domisilin,domisili
kwalitas,kualitas
terjaga,terjaga
pencet,memencet
tempatnya,tempatnya
tolomg,tolong
formulirapa,formulir apa
ane,saya
naikkan,menaikkan
bintangnya,bintangnya
masuj,masuk
nomer,nomor
umur,umur
offline,offline
ngapa,mengapa
timur,timur
kontrol,kontrol
aga,tidak
mempergunakan,mempergunakan
partai,partai
jaksurvai,jaksurvei
kambing,kambing
napa,kenapa
emgg,memang
kadrun,kadrun
reklame,reklame
liar,liar
gimane,bagaimana
mase,masa
iye,iya
permaenan,permainan
pie,kenapa
tooo,itu
parahhhhhh,parah
da,ada
kai,kai
sialangoblok,sialan goblok
w,saya
sialan,sialan
amblas,amblas
kelaminalamat,kelamin alamat
ngeselin,mengesalkan
adlh,adalah
akn,akan
ank,anak
sklh,sekolah
cikini,ini
afdhol,bagus
dunlud,download
pendukung,pendukung
kagum,kagum
idiot,idiot
suurh,suruh
goublok,goblok
hri,hari
dtangin,didatangkan
haduhhh,aduh
jauhlgii,jauh lagi
kocakk,kocak
aq,aku
preescreaning,pre screening
aparat,aparat
ciganjur,cianjur
apabila,apabila
ybs,ybs
ketik,ketik
terkecil,terkecil
trimaksih,terimakasih
mndapatkn,mendapatkan
vaxsin,vaksin
trimz,terimakasih
nindaknya,menindaknya
ditunjukkin,ditunjukkan
bersangkutan,bersangkutan
bagai,bagai
gubeenur,gubernur
menjdi,menjadi
unggulan,unggulan
nkri,nkri
dicampur,dicampur
mines,minus
moderna,moderna
dgan,dengan
hrus,harus
melindungi,melindungi
lapornya,lapornya
kelaminpilihan,kelamin pilihan
dinas,dinas
kelamindan,kelamin dan
masalahnya,masalahnya
astaghfirullah,astaga
selau,selalu
turut,turut
berperan,berperan
aktip,aktif
asn,asn
gemana,bagaiman
harusnnya,seharusnya
menentukan,menentukan
berlakuditolak,berlaku ditolak
cilincing,cilincing
basi,basi
ngeleq,lag
banting,banting
padalan,padahal
mlu,malu
bisaasdh,bisa sudah
msukin,memasukkan
nma,nama
bsaa,bisa
mambantu,membantu
tranparan,tranparan
kenajuan,kemajuan
pasien,pasien
beresiko,beresiko
kepuasan,kepuasan
pemrop,pemprov
lampu,lampu
bandengan,bandengan
kalimat,kalimat
galon,galon
padam,padam
trimakasi,terimakasih
thats,itu
great,hebat
lke,seperti
adalah,adalah
struktur,struktur
ngelimet,ribet
rubah,ubah
terusssss,terus
norak,jelek
logout,keluar
oersebarak,bersebaran
layar,layar
dioperasikan,dioperasikan
bahkan,bahkan
jaringantelkomsel,jaringan telkomsel
berharaf,berharap
dipercepat,dipercepat
opra,opera
mini,mini
pengecekan,pengecekan
kpm,kpm
dipertgjwbkan,dipertanggungjawabkan
panik,panik
sumber,sumber
kagak,tidak
sebulan,sebulan
gx,tidak
jawabantanggapan,jawaban tanggapan
membuka,membuka
ditampilkan,ditampilkan
mapsnya,mapsnya
mengatahui,mengetahui
berbelit,berbelit
kitkat,kitkat
perubahan,perubahan
pula,pula
pembagian,pembagian
piskobartidak,piskobar tidak
tercantum,tercantum
tabel,tabel
samatolong,sama tolong
lahir,lahir
pengaduannya,pengaduannya
fotogambar,foto gambar
gambarnya,gambarnya
sementara,sementara
perfect,perfect
performa,performa
fungsinya,fungsinya
berjalat,berjalan
smdata,sama data
mantapp,mantap
peristiwa,peristiwa
harian,harian
tadinya,tadinya
bantuanbiar,bantuan agar
transparantaunya,transparan tahunya
indihome,indihome
tersebut,tersebut
mudan,mudah
memahami,memahami
dengar,dengar
burung,burung
teruji,teruji
monolog,monolog
aduanselalu,aduan selalu
hpnya,hpnya
kondisikan,dikondisikan
perbaharuimakasih,perbaharui terimakasih
gerak,gerak
call,call
center,center
hubungi,hubungi
darurat,darurat
pemberi,pemberi
tahuan,tahuan
bbrpa,beberapa
hr,hari
krm,kirim
apknya,aplikasinya
seharus,harus
membantudengan,membantu dengan
inidan,ini dan
mengurangi,mengurangi
penyelewengan,penyelewengan
paslihat,saat melihat
plis,tolong
kalah,kalah
micet,michat
percepatan,percepatan
penganganan,penganganan
cobain,mencoba
restart,mulai ulang
isomanpergerakan,isoman pergerakan
kabupatennyajadi,kabupatennya menjadi
bandung,bandung
kestabilan,kestabilan
handphone,handphone
normal,normal
gangguan,gangguan
mentok,buntu
pdhal,padahal
dperbaiki,diperbaiki
mantapuntuk,mantap untuk
pantauan,pantauan
phk,phk
sejak,sejak
lengkapada,lengkap ada
hadir,hadir
kl,kalau
ditunjukkan,ditunjukkan
adnya,adanya
sayatetap,saya tetap
tingkatan,tingkatan
berbedajd,berbeda jadi
kolomalamat,kolom alamat
melanjutkan,melanjutkan
terisi,terisi
mamfaat,mamfaat
caritahu,mencaritahu
mengenali,mengenali
kasus,kasus
perkembangannya,perkembangannya
interfacenya,interfacenya
pengguna,pengguna
rk,rk
isoman,isoman
swab,swab
vitamin,vitamin
sekalitrima,sekali terimakasih
jajaran,jajaran
shortcut,shortcut
share,share
yogyakarta,yogyakarta
rujukan,rujukan
iming,omongan
ekspektasi,ekspektasi
dilihat,dilihat
mnggu,minggu
pintu,pintu
satupun,satupun
bolehtidak,boleh tidak
kunjungi,kunjungi
masyarakatdan,masyarakat dan
balik,balik
desktop,desktop
unggah,unggah
pertolongan,pertolongan
dicari,dicari
alami,alami
crash,crash
covidmohon,covid mohon
bohong,bohong
jelassudah,jelas sudah
lagipercumacuma,lagi percuma
teori,teori
tangapan,tanggapan
diperbaharui,diperbaharui
persebaran,persebaran
merespons,merespon
membantujadi,membantu menjadi
dilempar,dilempar
sja,saja
bagusmoga,bagus semoga
korona,corona
menyingkir,menyingkir
republik,republik
iniaaminn,ini amin
menginformasikan,menginformasikan
sekalipun,sekalipun
bantuanmalah,bantuan malah
ngezoom,ngezoom
sumbernya,sumbernya
diaksesmau,diakses mau
kemensos,kemensos
setempat,setempat
hmpir,hampir
pekerja,pekerja
set,set
melengkapi,melengkapi
berbulan,berbulan
fungsbagian,fungsi bagian
loyo,lelah
hayalan,khayalan
klu,kalau
lbih,lebih
hank,macet
boa,bagis
edan,gila
mereun,menginspirasi
tanggepan,tanggapan
amatpercuma,amat percuma
hamur,hamur
butuhkan,butuhkan
appnyasesuai,aplikasinya sesuai
hrapan,harapan
keluh,keluh
kesah,kesah
masyarakatnya,masyarakatnya
mngetahui,mengetahui
komplain,komplain
jawaban,jawaban
sesama,sesama
relawan,relawan
mudahmudahan,semoga
mengadu,mengadu
final,final
kangwalau,kang walau
tampilanya,tampilanya
frendly,ramah
peningkatan,peningkatan
yaaaslalu,ya selalu
manusiawi,manusiawi
pegawai,pegawai
busukudah,busuk sudah
sekaliiiii,sekali
itnya,itnya
semangattttt,semangat
tempatku,tempatku
ngedata,pendataan
poto,foto
kepala,kepala
keluargadi,keluarga di
bisaniat,bisa niat
terlambat,terlambat
banding,banding
enggaknya,setidaknya
mngajukan,mengajukan
smpai,sampai
aplk,aplikasi
tmbah,tambah
ruang,ruang
responsibility,pertanggungjawaban
terusselalu,terus selalu
panutan,panutan
contoh,contoh
lopyu,cinta kamu
odp,odp
pdp,pdp
ajak,mengajak
kabupatentlg,kabupaten tolong
konsistem,konsisten
lahh,kenapa
aplikasinyaa,aplikasinya
sangatt,sangat
yaujung,ya ujung
diweb,di web
ngeceksekarang,mengecek sekarang
tmbh,tambah
goodlumayan,bagus lumayan
segenap,segenap
pemeritahan,pemeritahan
tanggapsemoga,tanggap semoga
bermampaat,bermanfaat
ajsesnya,aksesnya
kepastian,kepastian
huftt,aduh
keras,keras
cobaan,cobaan
dilingkungan,di lingkungan
hotline,hotline
balas,balas
siurtidak,siur tidak
asal,asal
nembak,menembak
nakut,menakuti
hai,hai
adminuntuk,admin untuk
pengiriman,pengiriman
kumaha,bagaimana
atuhhhh,ya
belu,belum
keterima,diterima
sblm,sebelum
puasa,puasa
lebaran,lebaran
hufffff,aduh
mengetikaduan,mengetik aduan
palsu,palsu
jwbn,jawaban
appun,apapun
perhatikan,perhatikan
masarkat,masyarakat
dibuat,dibuat
bertentangan,bertentangan
jiayou,ayo
sangatta,sangat
jangn,jangan
ragu,ragu
sekalih,sekali
mantapbisa,mantap bisa
kg,tidak
kemauan,keinginan
diinstal,dipasang
diulang,diulang
berkelanjutan,berkelanjutan
continous,berkelanjutan
improvment,peningkatan
luaskhususnya,luas khususnya
masyarat,masyarakat
cov,covid
kewaspadaan,kewaspadaan
thd,terhadap
terinfeksibiar,terinfeksi biar
waspadasiapa,waspada siapa
updatetimnya,update timnya
membantuuntuk,membantu untuk
kampung,kampung
seindonesia,seindonesia
dbagiinkok,dibagiin
uda,sudah
dipersulitkan,dipersulitkan
menggunaknnya,menggunakannya
ayooo,ayo
bagikan,bagikan
dapatkanapa,dapatkan apa
kelaparan,kelaparan
terhadap,terhadap
terang,terang
dipertanggung,dipertanggung
jawabkan,jawabkan
informasu,informasi
menbantu,membantu
cemas,cemas
gurbernur,gubernur
byk,banyak
ttp,tetap
gubris,sampah
signifikan,signifikan
terpadu,terpadu
ios,ios
kpn,kapan
nangung,tanggung
keluarin,keluarkan
menghindari,menghindari
isuisu,isu isu
nyacukup,cukup
membaca,membaca
hampir,hampir
hindarkan,hindarkan
mewabah,mewabah
adaya,adanya
berdomisili,berdomisili
smnggu,semnggu
bntuan,bantuan
mkn,makan
orng,orang
mampu,mampu
tangguh,tangguh
mempeoreh,memperoleh
donlot,download
apilikasi,aplikasi
area,area
tetao,tetap
kalibansos,kali bansos
bagusrugi,bagus rugi
downloadtrims,download terimakasih
aplikasinyasungguh,aplikasinya sungguh
bangetfitur,banget fitur
pencegahan,pencegahan
penularan,penularan
responprcuma,respon percuma
jgabgini,juga bgini
nasib,nasib
proaktif,proaktif
detil,rinci
kabupatenberat,kabupaten berat
pembodohan,pembodohan
public,publik
inpormasi,informasi
dam,dan
berinteraksi,berinteraksi
bales,balas
read,baca
bulsyit,omong kosong
bansossaya,bansos saya
kena,terkena
dampaknya,dampaknya
nganggur,menganggur
seperakpun,seperakpun
atuh,ya
self,diri sendiri
diagnose,diagnosa
tanga,tangan
mantan,mantan
mertua,mertua
walau,walau
staf,staf
ahli,ahli
liyer,liyer
dengn,dengan
tertindas,tertindas
terkutuklah,terkutuklah
negeri,negeri
sampurasun,selamat tinggal
pusing,pusing
bangkrut,bangkrut
usahaku,usahaku
detik,detik
apapunsedikitpun,apapun sedikitpun
dikenal,dikenal
responya,responnya
blum,belum
nyatasaya,nyata saya
lebi,lebih
teruskeburu,terus keburu
membantumudah,membantu mudah
allah,allah
taala,ala
turunkan,turunkan
berdoa,berdoa
istighfar,istighfar
balasannya,balasannya
dpet,dapat
yak,yak
koruptor,koruptor
suci,suci
anjeng,anjing
pekembangan,pekembangan
diteliti,diteliti
aqy,aku
cianjut,cianjur
jbar,jabar
amen,amin
diresponpadahal,direspon padahal
sunda,sunda
pemerntah,pemerntah
brupa,berupa
kecuali,kecuali
krna,karena
ats,ats
masya,masya
gusti,gusti
kasian,kasihan
kpd,kepada
sape,siapa
tuntas,tuntas
pkh,apakah
tahun,tahun
bkn,bukan
b,b
erapa,berapa
cakup,cakup
ajapengaduan,saja pengaduan
gubrismasih,sampah masih
bagussemoga,bagus semoga
acc,diterima
lanjutii,lanjuti
ajada,saja
tdak,tidak
dusun,dusun
miskin,miskin
pndataan,pendataan
biodata,biodata
mlh,malah
kluar,keluar
krang,sekarang
mgerti,mengerti
mngunakan,menggunakan
initapi,ini tapi
nyaini,nya ini
pernh,pernah
dft,dapat
tekad,tekad
ikhtiar,upaya
penanggulanga,penanggulangan
musibah,musibah
bnr,benar
sni,sini
slah,salah
wkwkwkwk,wkwkwk
kmren,kemarin
jayamemberikan,jaya memberikan
bg,bagi
aturan,aturan
gaka,tidak
kejelasan,kejelasan
dsini,disini
jwabn,jawaban
adil,adil
boro,boro
bantuanberas,bantuan beras
uangpadahal,uang padahal
triliunan,triliunan
perak,perak
blom,belum
melayani,melayani
mmbikin,membuat
basa,basa
mendapakannya,mendapatkannya
pemersatu,pemersatu
kuh,kuh
cerdas,cerdas
guud,bagus
assalamualaikumcara,assalamualaikum cara
mengecek,mengecek
mnapa,mengapa
ahh,ah
ges,kawan
saminggu,seminggu
anger,anger
aah,ah
tntg,tentang
modelnya,modelnya
pinjaman,pinjaman
yahhh,yah
cagung,canggung
ngaduin,mengadukan
diaduin,diaduin
alloh,allah
swt,swt
bpak,bapak
cerita,cerita
berhubungan,berhubungan
konpres,konpres
meratasy,merata saya
buruh,buruh
pabrik,pabrik
diliburkan,diliburkan
pribadi,pribadi
rantau,rantau
malaysia,malaysia
sukamakmur,sukamakmur
sukadamai,sukadamai
bagusuntuk,bagus untuk
jabarsemoga,jabar semoga
dn,dan
dayah,dayah
sumedang,sumedang
rancakalong,rancakalong
sukajaya,sukajaya
bntuany,bantuannya
kyk,seperti
bntar,sebentar
kpan,kapan
kuroptor,koruptor
ribu,ribu
potong,potong
jompo,jompo
trlntr,terlantar
amdin,admin
isolasi,isolasi
semuaaamiin,semua amin
ass,ass
maf,maf
sblum,sebelum
trhormat,terhormat
prnh,pernah
mndptkn,mendapatkan
apapn,apapun
laju,laju
andaaa,anda
tiiiidak,tidak
bpumm,bpum
taiiii,tai
llluuuu,lu
ajiiiggggg,anjing
kepedulian,kepedulian
terdengar,terdengar
teamoga,semoga
kritis,kritis
bahas,bahas
emngatasinya,mengatasinya
lainilma,lain
poako,poako
kentang,kentang
jngn,jangan
umumnya,umumnya
terdapak,terdampak
pemerintahgimana,pemerintah bagaimana
ridwal,ridwal
lumaya,lumayan
pasilitator,fasilitaror
banprov,banprov
jokowi,jokowi
capekkkkk,capek
dechhhh,ceh
tertentu,tertentu
tida,tidak
membohongi,membohongi
masrakat,masyarakat
tmr,tmr
asalamualaikum,assalamualaikum
bersatu,bersatu
melawan,melawan
coronacovid,corona covid
berduit,berduit
janda,janda
achpercuma,ah percuma
ibu,ibu
kokb,kok
ibarat,ibarat
goa,goa
laut,laut
silakan,silakan
klian,kalian
berteriak,berteriak
haurgeulis,minta maaf
indramayu,indramayu
bakti,bakti
peejuangan,perjuangan
dibalas,dibalas
maha,maha
kuasa,kuasa
anplikasi,aplikasi
pangatahuan,pengetahuan
trobosan,terobosan
brudemi,baru demi
mencegah,mencegah
kebanyakan,kebanyakan
stempat,setempat
kereen,keren
maksud,maksud
baratbangga,barat bangga
kamill,kamil
mdh,mudah
kcwa,kecewa
karan,sekarang
kluarga,keluarga
petanya,petanya
seeing,melihat
boss,bos
ram,ram
kngge,untuk
srng,bersama
darmng,darmng
sadaynaamiinnn,mereka semua amin
teu,tidak
baleg,besar
ningali,melihat
teh,teh
ridean,ridwan
tukang,tukang
kuli,kuli
bangunantp,bangunan tapi
mnang,menang
pamarentah,pemerintah
rwpengurus,rwpengurus
pendaftarannya,pendaftarannya
didaftarkan,didaftarkan
wajar,wajar
menyempurnakan,menyempurnakan
sandi,sandi
kependudukan,kependudukan
lakukan,lakukan
berbasis,berbasis
manualaneh,manual aneh
dehhrus,deh harus
dl,dulu
akunaplikasi,akun aplikasi
ngepreng,ngepreng
daftarnya,daftarnya
initempat,ini tempat
momment,momen
ratting,peringkat
banyaj,banyak
adanyasapawargakita,adanya sapawarga kita
menuhin,memenuhi
tranfaransi,tranparansi
stabil,stabil
stiap,setiap
unaith,unaith
ponsel,ponsel
scroll,scroll
notofikasi,notifikasi
sesudah,sesudah
wdg,wdg
menjanjikan,menjanjikan
awalnya,awalnya
terputuspadahal,terputus padahal
bagusbagai,bagus bagai
megembangkan,mengembangkan
ajuan,pengajuan
bahan,bahan
studi,studi
diterapkan,diterapkan
menambahkan,menambahkan
calon,calon
merespo,merespon
tudak,tidak
errortidak,error tidak
minimal,minimal
lgsng,langsung
informasidan,informasi dan
mengupdate,mengupdate
dimaksimalkan,dimaksimalkan
so,so
par,far
perbaharui,perbaharui
menyambung,menyambung
tambahkn,tambahkan
kependududkan,kependudukan
diserver,di server
menggangu,mengganggu
lamban,lamban
ketidsk,ketidak
sesuaian,sesuaian
diarahkan,diarahkan
passwordnya,passwordnya
double,double
sekalikeluhan,sekali keluhan
tersalurkan,tersalurkan
registrasinya,registrasinya
petunjuknya,petunjuknya
pelajaran,pelajaran
rekan,rekan
baratdengan,barat dengan
korea,korea
jadikan,jadikan
mintolong,admin tolong
gercep,gercep
sangaaaat,sangat
ngobrol,mengobrol
gubernurmantaaap,gubernur mantap
pikiran,pikiran
pedesaan,pedesaan
kecepatannya,kecepatannya
kegiatansaluran,kegiatan saluran
sahat,sehat
mempererat,mempererat
tali,tali
impormasi,informasi
whatsapp,whatsapp
dihub,dihub
birokrasi,birokrasi
hub,hub
tampilannya,tampilannya
kox,kok
pictur,gambar
asfirasi,aspirasi
baratsemoga,barat semoga
pengembangan,pengembangan
terealisasi,terealisasi
ide,ide
mengoptimalkan,mengoptimalkan
bawahrw,bawah rw
sapawargamempermudah,sapawarga mempermudah
usulanusulan,usulan usulan
merasakan,merasakan
bagusbirokrasi,bagus birokrasi
ketertinggalan,ketertinggalan
bar,bar
dalamberkomunikasi,dalam berkomunikasi
pemangku,pemangku
kebijakan,kebijakan
kegiatankegiatan,kegiatan kegiatan
biaa,bisa
terditeksi,terdeteksi
diteruskan,diteruskan
khalayak,khalayak
ramai,ramai
aamiiin,amin
pele,pele
menanggapi,menanggapi
rasa,rasa
silahturahmi,silaturahmi
jarak,jarak
berjauhan,berjauhan
penyampaian,penyampaian
kaaga,tidak
memverifikasi,memverifikasi
membutuhkan,membutuhkan
disalurkannya,disalurkannya
daftarin,daftarkan
rwmknya,rw makanya
doangyg,saja yang
gigit,gigit
rwdengan,rw dengan
sapawargaakan,sapawargaa kan
menyalurkan,menyalurkan
danatau,dan atau
create,buat
account,akun
ditambahkan,ditambahkan
berupa,berupa
syukur,syukur
terbukanya,terbukanya
dimasukan,dimasukan
seorang,seorang
sapawargasemua,sapawarga semua
disinisemoga,disini semoga
terbukasemoga,terbuka semoga
bergabung,bergabung
tambahan,tambahan
prihal,perihal
konten,konten
semuajd,semua jadi
at,at
pendaftaranya,pendaftarannya
ribeut,ribet
ceklis,cek list
jembatan,jembatan
mmbutuhkn,membutuhkan
perluas,perluas
semoaga,semoga
pelayanannya,pelayanannya
posisi,posisi
berada,berada
terpencil,terpencil
apdi,abdi
mata,mata
duitan,duitan
aktivitas,aktivitas
menampungmenjembatani,menampung menjembatani
priositaskan,priositaskan
dulur,laki
dulurna,laki
hela,hela
gaspol,ayo
percayabismillah,percaya bismillah
dukungan,dukungan
amiiin,amin
kalicuma,kali cuma
provjabar,provinsi jabar
option,opsi
camera,kamera
tersampaikan,tersampaikan
registrasi,registrasi
terbatu,terbantu
kepntingan,kepentingan
spektakuler,spektakuler
terhubung,terhubung
membantusaranfitur,membantu saran fitur
photo,foto
memasukan,memasukan
passwordtapi,password tapi
jawabaratteimakasih,jawa barat terimakasih
kegiatannya,kegiatannya
dimonitoring,dipantau
inibisa,ini bisa
persaudaraanaamiin,persaudaraan amin
alat,alat
medsos,medsos
bagikami,bagi kami
mengkse,nanti
mebatu,membantu
himbauan,himbauan
pk,pk
sampaikn,sampaikan
alhamdllah,alhamdulillah
pimpianan,pimpinan
mhon,mohon
kedepanya,kedepannya
informasikan,informasikan
yh,yah
ribut,ribut
masyarakatsemrawut,masyarakat kacau
kecemburuan,kecemburuan
pengetahuansukses,pengetahuan sukses
pakarena,karena
pokonya,pokoknya
istebes,terbaik
mengusukan,mengusulkan
futuristik,futuristik
juar,juara
penebar,penebar
akunpas,akun pas
centang,centang
doanghadehh,saja aduh
perna,pernah
koroma,corona
memangkas,memangkas
urgent,darurat
mantafff,mantap
qta,kita
kejabaranya,kejabarannya
hridwan,ridwan
silaturrahim,silaturahmi
rwbse,rw bisa
kitabisa,kita bisa
rwantar,rw antar
membantuterimakasih,membantu terimakasih
jabarterimakasih,jabar terimakasih
emiljabar,emil jabar
alhmdulillah,alhamdulillah
banprop,banprov
kpl,kpl
hubungan,hubungan
yeh,yah
responadmin,respon admin
kamana,kemana
sare,sare
pelaporn,pelaporan
kegiatn,kegiatan
kesejahteraan,kesejahteraan
tingktkn,tingktkan
sungat,sangat
masing,masing
urwga,urwga
kemasyarakatapa,ke masyarakat apa
percaya,percaya
informasinyajadi,informasinya jadi
hisa,bisa
berakhlak,berakhlak
pemimpinya,pemimpinnya
memikirkan,memikirkan
rob,rob
nhun,terimakasih
dirasakan,dirasakan
mensosialisasikan,mensosialisasikan
lingkunganterimakasih,lingkungan terimakasih
jalur,jalur
pertamatama,pertama
membuatnya,membuatnya
peunting,penting
deumi,demi
keumajuan,kemajuan
seukitar,sekitar
seringkali,seringkali
disembunyikan,disembunyikan
